config,adversary,tester,leak,p,k,ballots,runs,detected,rate,ci_low,ci_high,mean_manipulated,analytic
C0,A0,-,0.0,1/50,1,200,2000,29,0.0145,0.01011467734679028,0.020746775563306317,1.0,0.02
C0,A0,-,0.0,1/50,2,200,2000,76,0.038,0.030467599928741894,0.04730375175913581,2.0,0.03969849246231156
C0,A0,-,0.0,1/50,5,200,2000,208,0.104,0.09137205082544919,0.1181462506213031,5.0,0.0970153026322197
C0,A0,-,0.0,1/50,10,200,2000,383,0.1915,0.1748530251159714,0.20932979305656163,10.0,0.18679437798127693
C0,A0,-,0.0,1/50,20,200,2000,686,0.343,0.322513982684645,0.36408797016166844,20.0,0.34611057131527506
C0,A0,-,0.0,1/50,50,200,2000,1380,0.69,0.6693826357392854,0.7098888862938384,50.0,0.6867853341465054
C0,A0,-,0.0,1/20,1,200,2000,112,0.056,0.04674833393876454,0.06695400404698805,1.0,0.05
C0,A0,-,0.0,1/20,2,200,2000,180,0.09,0.07823115160665478,0.10334082716397261,2.0,0.09773869346733668
C0,A0,-,0.0,1/20,5,200,2000,472,0.236,0.21790751368923972,0.25510468727526175,5.0,0.22828446073733424
C0,A0,-,0.0,1/20,10,200,2000,816,0.408,0.3866573758567414,0.42969536084300897,10.0,0.40854786608141713
C0,A0,-,0.0,1/20,20,200,2000,1292,0.646,0.624780283536422,0.6666599386574521,20.0,0.660225623763214
C0,A0,-,0.0,1/20,50,200,2000,1873,0.9365,0.9249532738540492,0.9463731438694168,50.0,0.9479063705959571
C0,A0,-,0.0,1/10,1,200,2000,214,0.107,0.09419820147525404,0.12130859768781074,1.0,0.1
C0,A0,-,0.0,1/10,2,200,2000,397,0.1985,0.18160423854818175,0.21655174096241375,2.0,0.19045226130653267
C0,A0,-,0.0,1/10,5,200,2000,827,0.4135,0.39210322986916285,0.4352284193104938,5.0,0.4128339824055531
C0,A0,-,0.0,1/10,10,200,2000,1317,0.6585,0.6374309462181689,0.678961349793674,10.0,0.660225623763214
C0,A0,-,0.0,1/10,20,200,2000,1798,0.899,0.8850195371949674,0.9114506590745928,20.0,0.8914579627066834
C0,A0,-,0.0,1/10,50,200,2000,1997,0.9985,0.9955989674442294,0.9994897364163615,50.0,0.9977494791566975
C1,A0,-,0.0,1/50,1,200,2000,0,0.0,0.0,0.001917047281252934,1.0,0.0
C1,A0,-,0.0,1/50,2,200,2000,0,0.0,0.0,0.001917047281252934,2.0,0.0
C1,A0,-,0.0,1/50,5,200,2000,0,0.0,0.0,0.001917047281252934,5.0,0.0
C1,A0,-,0.0,1/50,10,200,2000,0,0.0,0.0,0.001917047281252934,10.0,0.0
C1,A0,-,0.0,1/50,20,200,2000,0,0.0,0.0,0.001917047281252934,20.0,0.0
C1,A0,-,0.0,1/50,50,200,2000,0,0.0,0.0,0.001917047281252934,50.0,0.0
C1,A0,-,0.0,1/20,1,200,2000,0,0.0,0.0,0.001917047281252934,1.0,0.0
C1,A0,-,0.0,1/20,2,200,2000,0,0.0,0.0,0.001917047281252934,2.0,0.0
C1,A0,-,0.0,1/20,5,200,2000,0,0.0,0.0,0.001917047281252934,5.0,0.0
C1,A0,-,0.0,1/20,10,200,2000,0,0.0,0.0,0.001917047281252934,10.0,0.0
C1,A0,-,0.0,1/20,20,200,2000,0,0.0,0.0,0.001917047281252934,20.0,0.0
C1,A0,-,0.0,1/20,50,200,2000,0,0.0,0.0,0.001917047281252934,50.0,0.0
C1,A0,-,0.0,1/10,1,200,2000,0,0.0,0.0,0.001917047281252934,1.0,0.0
C1,A0,-,0.0,1/10,2,200,2000,0,0.0,0.0,0.001917047281252934,2.0,0.0
C1,A0,-,0.0,1/10,5,200,2000,0,0.0,0.0,0.001917047281252934,5.0,0.0
C1,A0,-,0.0,1/10,10,200,2000,0,0.0,0.0,0.001917047281252934,10.0,0.0
C1,A0,-,0.0,1/10,20,200,2000,0,0.0,0.0,0.001917047281252934,20.0,0.0
C1,A0,-,0.0,1/10,50,200,2000,0,0.0,0.0,0.001917047281252934,50.0,0.0
C2,A0,-,0.0,1/50,1,200,2000,41,0.0205,0.01514715886374858,0.02769128947897298,1.0,0.020000000000000018
C2,A0,-,0.0,1/50,2,200,2000,87,0.0435,0.03540128785854411,0.0533489763092398,2.0,0.03960000000000008
C2,A0,-,0.0,1/50,5,200,2000,198,0.099,0.08666951249362448,0.11286795942594038,5.0,0.09607920320000007
C2,A0,-,0.0,1/50,10,200,2000,360,0.18,0.16378097147756693,0.19744593878243488,10.0,0.1829271931124533
C2,A0,-,0.0,1/50,20,200,2000,691,0.3455,0.3249733802642623,0.36661898734564474,20.0,0.33239202824490577
C2,A0,-,0.0,1/50,50,200,2000,1265,0.6325,0.6111350893256917,0.6533568931447762,50.0,0.6358303199128832
C2,A0,-,0.0,1/20,1,200,2000,94,0.047,0.038561402365168564,0.05717544247164658,1.0,0.050000000000000044
C2,A0,-,0.0,1/20,2,200,2000,213,0.1065,0.09372694290202033,0.12078177330832571,2.0,0.09750000000000003
C2,A0,-,0.0,1/20,5,200,2000,444,0.222,0.2043288527249172,0.24073702556345938,5.0,0.22621906250000023
C2,A0,-,0.0,1/20,10,200,2000,810,0.405,0.383688082269522,0.426676156713916,10.0,0.4012630607616213
C2,A0,-,0.0,1/20,20,200,2000,1274,0.637,0.6156814927218172,0.6577932363231195,20.0,0.6415140775914581
C2,A0,-,0.0,1/20,50,200,2000,1835,0.9175,0.9046269741728359,0.9287722913473178,50.0,0.9230550247232868
C2,A0,-,0.0,1/10,1,200,2000,199,0.0995,0.08713931829845581,0.1133962365738278,1.0,0.09999999999999998
C2,A0,-,0.0,1/10,2,200,2000,422,0.211,0.19368072087378985,0.22942733245477426,2.0,0.18999999999999995
C2,A0,-,0.0,1/10,5,200,2000,816,0.408,0.3866573758567414,0.42969536084300897,5.0,0.40950999999999993
C2,A0,-,0.0,1/10,10,200,2000,1299,0.6495,0.628320879490459,0.6701059233724463,10.0,0.6513215599
C2,A0,-,0.0,1/10,20,200,2000,1734,0.867,0.8514118331191399,0.8811810541764203,20.0,0.8784233454094307
C2,A0,-,0.0,1/10,50,200,2000,1990,0.995,0.990820304050058,0.9972818191415014,50.0,0.9948462247926799
C2,AOracle,-,0.0,1/50,1,200,2000,0,0.0,0.0,0.001917047281252934,1.0,
C2,AOracle,-,0.0,1/50,2,200,2000,0,0.0,0.0,0.001917047281252934,2.0,
C2,AOracle,-,0.0,1/50,5,200,2000,0,0.0,0.0,0.001917047281252934,5.0,
C2,AOracle,-,0.0,1/50,10,200,2000,0,0.0,0.0,0.001917047281252934,10.0,
C2,AOracle,-,0.0,1/50,20,200,2000,0,0.0,0.0,0.001917047281252934,20.0,
C2,AOracle,-,0.0,1/50,50,200,2000,0,0.0,0.0,0.001917047281252934,50.0,
C2,AOracle,-,0.0,1/20,1,200,2000,0,0.0,0.0,0.001917047281252934,1.0,
C2,AOracle,-,0.0,1/20,2,200,2000,0,0.0,0.0,0.001917047281252934,2.0,
C2,AOracle,-,0.0,1/20,5,200,2000,0,0.0,0.0,0.001917047281252934,5.0,
C2,AOracle,-,0.0,1/20,10,200,2000,0,0.0,0.0,0.001917047281252934,10.0,
C2,AOracle,-,0.0,1/20,20,200,2000,0,0.0,0.0,0.001917047281252934,20.0,
C2,AOracle,-,0.0,1/20,50,200,2000,0,0.0,0.0,0.001917047281252934,50.0,
C2,AOracle,-,0.0,1/10,1,200,2000,0,0.0,0.0,0.001917047281252934,1.0,
C2,AOracle,-,0.0,1/10,2,200,2000,0,0.0,0.0,0.001917047281252934,2.0,
C2,AOracle,-,0.0,1/10,5,200,2000,0,0.0,0.0,0.001917047281252934,5.0,
C2,AOracle,-,0.0,1/10,10,200,2000,0,0.0,0.0,0.001917047281252934,10.0,
C2,AOracle,-,0.0,1/10,20,200,2000,0,0.0,0.0,0.001917047281252934,20.0,
C2,AOracle,-,0.0,1/10,50,200,2000,0,0.0,0.0,0.001917047281252934,50.0,
C2,A1,disciplined,0.0,1/50,1,200,2000,45,0.0225,0.01685787548400037,0.02997290466959618,1.0,
C2,A1,disciplined,0.0,1/50,2,200,2000,83,0.0415,0.033602383185357104,0.05115554917155182,2.0,
C2,A1,disciplined,0.0,1/50,5,200,2000,189,0.0945,0.08244593448548859,0.10810879085960753,5.0,
C2,A1,disciplined,0.0,1/50,10,200,2000,342,0.171,0.15513354216778075,0.18812787494328365,10.0,
C2,A1,disciplined,0.0,1/50,20,200,2000,626,0.313,0.2930520083961643,0.3336649672870242,20.0,
C2,A1,disciplined,0.0,1/50,50,200,2000,1247,0.6235,0.6020481889453447,0.6444783003761859,50.0,
C2,A1,disciplined,0.0,1/20,1,200,2000,109,0.0545,0.045378356153563185,0.06532973297403316,1.0,
C2,A1,disciplined,0.0,1/20,2,200,2000,183,0.0915,0.07963506675642809,0.10493116087235554,2.0,
C2,A1,disciplined,0.0,1/20,5,200,2000,461,0.2305,0.21256960875452585,0.24946367973006944,5.0,
C2,A1,disciplined,0.0,1/20,10,200,2000,805,0.4025,0.38121430570705017,0.4241595185127941,10.0,
C2,A1,disciplined,0.0,1/20,20,200,2000,1277,0.6385,0.6171974017905522,0.6592715761125407,20.0,
C2,A1,disciplined,0.0,1/20,50,200,2000,1847,0.9235,0.9110221882003662,0.9343540727524124,50.0,
C2,A1,disciplined,0.0,1/10,1,200,2000,197,0.0985,0.08619980868374258,0.11233958028310354,1.0,
C2,A1,disciplined,0.0,1/10,2,200,2000,370,0.185,0.16859188991831542,0.20261584986887388,2.0,
C2,A1,disciplined,0.0,1/10,5,200,2000,836,0.418,0.3965609874324814,0.43975340832164395,5.0,
C2,A1,disciplined,0.0,1/10,10,200,2000,1305,0.6525,0.6313566561207027,0.6730586444585152,10.0,
C2,A1,disciplined,0.0,1/10,20,200,2000,1754,0.877,0.8618787961256524,0.8906757502242828,20.0,
C2,A1,disciplined,0.0,1/10,50,200,2000,1990,0.995,0.990820304050058,0.9972818191415014,50.0,
C2,A1,naive,0.0,1/50,1,200,2000,42,0.021,0.015573520825817387,0.028263010469622922,1.0,
C2,A1,naive,0.0,1/50,2,200,2000,84,0.042,0.0340516147420547,0.05170440056757297,2.0,
C2,A1,naive,0.0,1/50,5,200,2000,191,0.0955,0.08338376688235076,0.10916712436818286,5.0,
C2,A1,naive,0.0,1/50,10,200,2000,380,0.19,0.17340746555537098,0.2077811037590058,10.0,
C2,A1,naive,0.0,1/50,20,200,2000,696,0.348,0.32743341264733095,0.36914936972616985,20.0,
C2,A1,naive,0.0,1/50,50,200,2000,1306,0.653,0.631862707256606,0.6735506762753306,50.0,
C2,A1,naive,0.0,1/20,1,200,2000,107,0.0535,0.04446618753651597,0.06424573568564287,1.0,
C2,A1,naive,0.0,1/20,2,200,2000,183,0.0915,0.07963506675642809,0.10493116087235554,2.0,
C2,A1,naive,0.0,1/20,5,200,2000,443,0.2215,0.20384444010190392,0.2402233552337539,5.0,
C2,A1,naive,0.0,1/20,10,200,2000,763,0.3815,0.3604576198164759,0.40299672038918094,10.0,
C2,A1,naive,0.0,1/20,20,200,2000,1291,0.6455,0.6242745841811572,0.6661675550599981,20.0,
C2,A1,naive,0.0,1/20,50,200,2000,1849,0.9245,0.9120900214010068,0.9352824054572093,50.0,
C2,A1,naive,0.0,1/10,1,200,2000,202,0.101,0.08854934092540727,0.11498046280503259,1.0,
C2,A1,naive,0.0,1/10,2,200,2000,389,0.1945,0.1777453490221474,0.21242596686669812,2.0,
C2,A1,naive,0.0,1/10,5,200,2000,800,0.4,0.3787411080417044,0.4216423014145461,5.0,
C2,A1,naive,0.0,1/10,10,200,2000,1277,0.6385,0.6171974017905522,0.6592715761125407,10.0,
C2,A1,naive,0.0,1/10,20,200,2000,1761,0.8805,0.8655493359511705,0.8939917910677958,20.0,
C2,A1,naive,0.0,1/10,50,200,2000,1987,0.9935,0.9889104708274775,0.9961974035059259,50.0,
C2,A2,disciplined,0.0,1/50,1,200,2000,37,0.0185,0.013451349814109871,0.025394766717736703,1.0,
C2,A2,disciplined,0.0,1/50,2,200,2000,84,0.042,0.0340516147420547,0.05170440056757297,2.0,
C2,A2,disciplined,0.0,1/50,5,200,2000,196,0.098,0.0857302075571977,0.11181109845692967,5.0,
C2,A2,disciplined,0.0,1/50,10,200,2000,383,0.1915,0.1748530251159714,0.20932979305656163,10.0,
C2,A2,disciplined,0.0,1/50,20,200,2000,658,0.329,0.30875324574592866,0.3499023844242598,20.0,
C2,A2,disciplined,0.0,1/50,50,200,2000,1285,0.6425,0.6212409110643851,0.6632127304604578,50.0,
C2,A2,disciplined,0.0,1/20,1,200,2000,110,0.055,0.04583478836864504,0.06587138371167006,1.0,
C2,A2,disciplined,0.0,1/20,2,200,2000,185,0.0925,0.08057157812198121,0.10599081541223992,2.0,
C2,A2,disciplined,0.0,1/20,5,200,2000,463,0.2315,0.21353981142967077,0.250489642960362,5.0,
C2,A2,disciplined,0.0,1/20,10,200,2000,810,0.405,0.383688082269522,0.426676156713916,10.0,
C2,A2,disciplined,0.0,1/20,20,200,2000,1291,0.6455,0.6242745841811572,0.6661675550599981,20.0,
C2,A2,disciplined,0.0,1/20,50,200,2000,1874,0.937,0.9254914002053398,0.9468331004708452,50.0,
C2,A2,disciplined,0.0,1/10,1,200,2000,183,0.0915,0.07963506675642809,0.10493116087235554,1.0,
C2,A2,disciplined,0.0,1/10,2,200,2000,379,0.1895,0.1729257025023443,0.20726478385931374,2.0,
C2,A2,disciplined,0.0,1/10,5,200,2000,828,0.414,0.39259844495741614,0.43573128717495924,5.0,
C2,A2,disciplined,0.0,1/10,10,200,2000,1305,0.6525,0.6313566561207027,0.6730586444585152,10.0,
C2,A2,disciplined,0.0,1/10,20,200,2000,1758,0.879,0.8639757776437693,0.8925711005170409,20.0,
C2,A2,disciplined,0.0,1/10,50,200,2000,1989,0.9945,0.9901779372483848,0.9969261029904561,50.0,
C2,A2,naive,0.0,1/50,1,200,2000,1,0.0005,8.826773070546787e-05,0.0028268625032662133,1.0,
C2,A2,naive,0.0,1/50,2,200,2000,11,0.0055,0.003073897009543817,0.009822062751615332,2.0,
C2,A2,naive,0.0,1/50,5,200,2000,14,0.007,0.0041743460559210965,0.011715862563394297,5.0,
C2,A2,naive,0.0,1/50,10,200,2000,23,0.0115,0.007675227286212753,0.01719772790757136,10.0,
C2,A2,naive,0.0,1/50,20,200,2000,91,0.0455,0.03720527135020145,0.05553732462845745,20.0,
C2,A2,naive,0.0,1/50,50,200,2000,170,0.085,0.07355910081272696,0.09803204843071298,50.0,
C2,A2,naive,0.0,1/20,1,200,2000,11,0.0055,0.003073897009543817,0.009822062751615332,1.0,
C2,A2,naive,0.0,1/20,2,200,2000,29,0.0145,0.01011467734679028,0.020746775563306317,2.0,
C2,A2,naive,0.0,1/20,5,200,2000,61,0.0305,0.02381739549016912,0.03898271190692737,5.0,
C2,A2,naive,0.0,1/20,10,200,2000,105,0.0525,0.04355496702511128,0.06316079029161008,10.0,
C2,A2,naive,0.0,1/20,20,200,2000,215,0.1075,0.09466955209286256,0.12183533002292098,20.0,
C2,A2,naive,0.0,1/20,50,200,2000,440,0.22,0.2023914311650162,0.23868211531248537,50.0,
C2,A2,naive,0.0,1/10,1,200,2000,18,0.009,0.005700499728577407,0.014182040701612969,1.0,
C2,A2,naive,0.0,1/10,2,200,2000,39,0.0195,0.014297256348690845,0.026545026088593226,2.0,
C2,A2,naive,0.0,1/10,5,200,2000,100,0.05,0.04128123361873174,0.0604441089343959,5.0,
C2,A2,naive,0.0,1/10,10,200,2000,174,0.087,0.07542647321668068,0.10015700783763422,10.0,
C2,A2,naive,0.0,1/10,20,200,2000,353,0.1765,0.16041617984137058,0.1938241497496,20.0,
C2,A2,naive,0.0,1/10,50,200,2000,826,0.413,0.391608037647919,0.43472552857901886,50.0,
C2,A3,-,0.0,1/50,1,200,2000,37,0.0185,0.013451349814109871,0.025394766717736703,1.0,
C2,A3,-,0.0,1/50,2,200,2000,85,0.0425,0.03450117971009799,0.05225291855224844,2.0,
C2,A3,-,0.0,1/50,5,200,2000,194,0.097,0.08479131615107749,0.11075382395761238,5.0,
C2,A3,-,0.0,1/50,10,200,2000,422,0.211,0.19368072087378985,0.22942733245477426,10.0,
C2,A3,-,0.0,1/50,20,200,2000,660,0.33,0.30973547882362323,0.35091631725200273,20.0,
C2,A3,-,0.0,1/50,50,200,2000,1255,0.6275,0.6060858442270278,0.6484253087162526,50.0,
C2,A3,-,0.0,1/20,1,200,2000,123,0.0615,0.05178817023412858,0.07289308023153022,1.0,
C2,A3,-,0.0,1/20,2,200,2000,208,0.104,0.09137205082544919,0.1181462506213031,2.0,
C2,A3,-,0.0,1/20,5,200,2000,468,0.234,0.21596595290745405,0.25305391624617246,5.0,
C2,A3,-,0.0,1/20,10,200,2000,828,0.414,0.39259844495741614,0.43573128717495924,10.0,
C2,A3,-,0.0,1/20,20,200,2000,1317,0.6585,0.6374309462181689,0.678961349793674,20.0,
C2,A3,-,0.0,1/20,50,200,2000,1868,0.934,0.9222654015999561,0.9440706013599165,50.0,
C2,A3,-,0.0,1/10,1,200,2000,203,0.1015,0.0890195479939982,0.11550833868916041,1.0,
C2,A3,-,0.0,1/10,2,200,2000,429,0.2145,0.19706670596764359,0.23302792802995176,2.0,
C2,A3,-,0.0,1/10,5,200,2000,900,0.45,0.42831332749237255,0.4718783772357527,5.0,
C2,A3,-,0.0,1/10,10,200,2000,1358,0.679,0.6582128894948898,0.6991008075784217,10.0,
C2,A3,-,0.0,1/10,20,200,2000,1823,0.9115,0.8982505492332389,0.9231717208542898,20.0,
C2,A3,-,0.0,1/10,50,200,2000,1996,0.998,0.994868648214923,0.9992219726929489,50.0,
C2,A3,-,0.25,1/50,1,200,2000,36,0.018,0.01302999144428223,0.024818042134845595,1.0,
C2,A3,-,0.25,1/50,2,200,2000,62,0.031,0.024257462141641817,0.03954072820817342,2.0,
C2,A3,-,0.25,1/50,5,200,2000,149,0.0745,0.06378984993294572,0.08684155730340053,5.0,
C2,A3,-,0.25,1/50,10,200,2000,294,0.147,0.13215774792821597,0.16319568745234855,10.0,
C2,A3,-,0.25,1/50,20,200,2000,525,0.2625,0.24368522688101532,0.28222537057757985,20.0,
C2,A3,-,0.25,1/50,50,200,2000,1116,0.558,0.536144266282096,0.5796333562332788,50.0,
C2,A3,-,0.25,1/20,1,200,2000,72,0.036,0.02868460672278366,0.04509441315421905,1.0,
C2,A3,-,0.25,1/20,2,200,2000,139,0.0695,0.059160340573897574,0.08149023713526121,2.0,
C2,A3,-,0.25,1/20,5,200,2000,368,0.184,0.16762932898245075,0.20158224489930104,5.0,
C2,A3,-,0.25,1/20,10,200,2000,682,0.341,0.3205469238852224,0.36206269715021605,10.0,
C2,A3,-,0.25,1/20,20,200,2000,1110,0.555,0.5331351076872679,0.5766540171117944,20.0,
C2,A3,-,0.25,1/20,50,200,2000,1761,0.8805,0.8655493359511705,0.8939917910677958,50.0,
C2,A3,-,0.25,1/10,1,200,2000,178,0.089,0.07729578599356494,0.10228002687162495,1.0,
C2,A3,-,0.25,1/10,2,200,2000,306,0.153,0.13788945597124522,0.1694409748419443,2.0,
C2,A3,-,0.25,1/10,5,200,2000,677,0.3385,0.3180886772887613,0.3595305289830834,5.0,
C2,A3,-,0.25,1/10,10,200,2000,1163,0.5815,0.5597439290790659,0.6029435922140899,10.0,
C2,A3,-,0.25,1/10,20,200,2000,1641,0.8205,0.8030713141807578,0.836699858511959,20.0,
C2,A3,-,0.25,1/10,50,200,2000,1976,0.988,0.9822061161295197,0.9919228457239773,50.0,
C2,A3,-,0.5,1/50,1,200,2000,11,0.0055,0.003073897009543817,0.009822062751615332,1.0,
C2,A3,-,0.5,1/50,2,200,2000,40,0.02,0.014721726201265444,0.027118639188737373,2.0,
C2,A3,-,0.5,1/50,5,200,2000,103,0.0515,0.042644720050338814,0.062074871360945055,5.0,
C2,A3,-,0.5,1/50,10,200,2000,200,0.1,0.08760922541834984,0.11392441240665252,10.0,
C2,A3,-,0.5,1/50,20,200,2000,381,0.1905,0.17388927376554605,0.20829737850154947,20.0,
C2,A3,-,0.5,1/50,50,200,2000,835,0.4175,0.3960655898394469,0.4392507229619597,50.0,
C2,A3,-,0.5,1/20,1,200,2000,55,0.0275,0.021188498165677007,0.03562311151510701,1.0,
C2,A3,-,0.5,1/20,2,200,2000,103,0.0515,0.042644720050338814,0.062074871360945055,2.0,
C2,A3,-,0.5,1/20,5,200,2000,254,0.127,0.11311861187744655,0.14231150539436807,5.0,
C2,A3,-,0.5,1/20,10,200,2000,500,0.25,0.23151413442481875,0.2694443892158077,10.0,
C2,A3,-,0.5,1/20,20,200,2000,882,0.441,0.4193737090259569,0.4628525025532309,20.0,
C2,A3,-,0.5,1/20,50,200,2000,1498,0.749,0.7295323727156252,0.7675129377383109,50.0,
C2,A3,-,0.5,1/10,1,200,2000,103,0.0515,0.042644720050338814,0.062074871360945055,1.0,
C2,A3,-,0.5,1/10,2,200,2000,216,0.108,0.0951409941930465,0.12236197087545578,2.0,
C2,A3,-,0.5,1/10,5,200,2000,505,0.2525,0.23394670491371472,0.27200223349050545,5.0,
C2,A3,-,0.5,1/10,10,200,2000,866,0.433,0.4114334498318653,0.4548234345038225,10.0,
C2,A3,-,0.5,1/10,20,200,2000,1348,0.674,0.6531400467735491,0.6941928207725749,20.0,
C2,A3,-,0.5,1/10,50,200,2000,1904,0.952,0.9417339082484883,0.9605330810092589,50.0,
C2,A3,-,0.75,1/50,1,200,2000,7,0.0035,0.0016964316970424177,0.007207196253241745,1.0,
C2,A3,-,0.75,1/50,2,200,2000,20,0.01,0.006482767876552687,0.015395938459075187,2.0,
C2,A3,-,0.75,1/50,5,200,2000,49,0.0245,0.01858163028213664,0.032241481682334906,5.0,
C2,A3,-,0.75,1/50,10,200,2000,92,0.046,0.03765702335931109,0.05608365557206656,10.0,
C2,A3,-,0.75,1/50,20,200,2000,209,0.1045,0.09184284051856186,0.11867354388090919,20.0,
C2,A3,-,0.75,1/50,50,200,2000,461,0.2305,0.21256960875452585,0.24946367973006944,50.0,
C2,A3,-,0.75,1/20,1,200,2000,32,0.016,0.011356235350080627,0.02249946641817221,1.0,
C2,A3,-,0.75,1/20,2,200,2000,53,0.0265,0.020316920414969065,0.03449852336037745,2.0,
C2,A3,-,0.75,1/20,5,200,2000,136,0.068,0.05777462902670909,0.07988169982429345,5.0,
C2,A3,-,0.75,1/20,10,200,2000,225,0.1125,0.09938800020119438,0.12709771144177662,10.0,
C2,A3,-,0.75,1/20,20,200,2000,475,0.2375,0.21936405871751052,0.2566423911051472,20.0,
C2,A3,-,0.75,1/20,50,200,2000,1004,0.502,0.4801042914579538,0.5238880403529212,50.0,
C2,A3,-,0.75,1/10,1,200,2000,58,0.029,0.022500401616129873,0.03730545692281039,1.0,
C2,A3,-,0.75,1/10,2,200,2000,111,0.0555,0.04629144858684901,0.06641280644618483,2.0,
C2,A3,-,0.75,1/10,5,200,2000,250,0.125,0.1112208289581945,0.14021695650274513,5.0,
C2,A3,-,0.75,1/10,10,200,2000,509,0.2545,0.23589336070016026,0.2740479095149349,10.0,
C2,A3,-,0.75,1/10,20,200,2000,883,0.4415,0.41987016524351045,0.4633541292883961,20.0,
C2,A3,-,0.75,1/10,50,200,2000,1571,0.7855,0.7669720719700481,0.8029332940323564,50.0,
C2,A3,-,1.0,1/50,1,200,2000,0,0.0,0.0,0.001917047281252934,1.0,
C2,A3,-,1.0,1/50,2,200,2000,0,0.0,0.0,0.001917047281252934,2.0,
C2,A3,-,1.0,1/50,5,200,2000,0,0.0,0.0,0.001917047281252934,5.0,
C2,A3,-,1.0,1/50,10,200,2000,0,0.0,0.0,0.001917047281252934,10.0,
C2,A3,-,1.0,1/50,20,200,2000,0,0.0,0.0,0.001917047281252934,20.0,
C2,A3,-,1.0,1/50,50,200,2000,0,0.0,0.0,0.001917047281252934,50.0,
C2,A3,-,1.0,1/20,1,200,2000,0,0.0,0.0,0.001917047281252934,1.0,
C2,A3,-,1.0,1/20,2,200,2000,0,0.0,0.0,0.001917047281252934,2.0,
C2,A3,-,1.0,1/20,5,200,2000,0,0.0,0.0,0.001917047281252934,5.0,
C2,A3,-,1.0,1/20,10,200,2000,0,0.0,0.0,0.001917047281252934,10.0,
C2,A3,-,1.0,1/20,20,200,2000,0,0.0,0.0,0.001917047281252934,20.0,
C2,A3,-,1.0,1/20,50,200,2000,0,0.0,0.0,0.001917047281252934,50.0,
C2,A3,-,1.0,1/10,1,200,2000,0,0.0,0.0,0.001917047281252934,1.0,
C2,A3,-,1.0,1/10,2,200,2000,0,0.0,0.0,0.001917047281252934,2.0,
C2,A3,-,1.0,1/10,5,200,2000,0,0.0,0.0,0.001917047281252934,5.0,
C2,A3,-,1.0,1/10,10,200,2000,0,0.0,0.0,0.001917047281252934,10.0,
C2,A3,-,1.0,1/10,20,200,2000,0,0.0,0.0,0.001917047281252934,20.0,
C2,A3,-,1.0,1/10,50,200,2000,0,0.0,0.0,0.001917047281252934,50.0,
